Company Name,LinkedIn URL,ITRG Status,F27 Account ID18
15Five,https://www.linkedin.com/company/15five,Prospect,001a700000CNE8JAAX
6sense,https://www.linkedin.com/company/6sense,Prospect,0013300001lIywjAAC
Abnormal AI,https://www.linkedin.com/company/abnormalsecurity?trk=ppro_cprof,Prospect,0014y00002ih1QLAAY
Abode Services,https://www.linkedin.com/company/abode-services,Prospect,001f300001v8tZQAAY
Academia.edu,https://www.linkedin.com/company/academia-edu,Prospect,001a7000015pT55AAE
Accel,https://www.linkedin.com/company/accel-vc,Prospect,0014000001Dd3P9AAJ
Achievers LLC,https://www.linkedin.com/company/achievers,Prospect,0014y00002ihJe7AAE
AdColony,https://www.linkedin.com/company/adcolony,Prospect,0014y00002vMlJWAA0
AdRoll,https://www.linkedin.com/company/adroll,Prospect,001a7000015prerAAA
Aehr Test Systems,https://www.linkedin.com/company/aehr-test-systems,Prospect,0014y00002pC2K2AAK
Affinity,https://www.linkedin.com/company/project-affinity,Prospect,001f300001whbquAAA
AIC Inc.,https://www.linkedin.com/company/aicinc,Prospect,0014y00002vMkQDAA0
AiDASH,https://www.linkedin.com/company/aidash,Prospect,0014y00002rSgrTAAS
Airship,https://www.linkedin.com/company/airship-social,Prospect,0014y00002jRoyfAAC
Airtable,https://www.linkedin.com/company/airtable,Prospect,0014y00002WcFbDAAV
Alameda Alliance for Health,https://www.linkedin.com/company/alameda-alliance-for-health,Winback,0014000000VAMSMAA5
Alameda County Water District,https://www.linkedin.com/company/alameda-county-water-district,Winback,0014000000VAOvXAAX
"Alchemy Cloud, Inc.",https://www.linkedin.com/company/alchemyinc,Prospect,0014y00002rSnfAAAS
"Alert Enterprise, Inc.",https://www.linkedin.com/company/alertenterprise,Prospect,0013300001osvjTAAQ
Algolia,https://www.linkedin.com/company/algolia,Prospect,0014y00002588xKAAQ
Algonomy,https://www.linkedin.com/company/algonomysoftware,Prospect,001a7000015psbOAAQ
"Allana Buick & Bers, Inc.",https://www.linkedin.com/company/allana-buick-&-bers-inc.,Prospect,0013300001osvDdAAI
Allbirds,https://www.linkedin.com/company/allbirds,Prospect,001f300001whfhtAAA
AllTrails,https://www.linkedin.com/company/alltrails,Prospect,001a70000032ZQ8AAM
ALOM,https://www.linkedin.com/company/alom-technologies,Prospect,0013300001ospn4AAA
Alpaca,https://www.linkedin.com/company/alpacamarkets,Prospect,0014y00002jSU1NAAW
Alpine Investors,https://www.linkedin.com/company/alpine-investors,Prospect,001f300001v90goAAA
Altamont Capital Partners,https://www.linkedin.com/company/altamont-capital-partners,Prospect,0014000000sIte6AAC
Amax,https://www.linkedin.com/company/amax-engineering,Prospect,0014000000Vt62KAAR
American Academy of Ophthalmology,https://www.linkedin.com/company/american-academy-of-ophthalmology,Prospect,0014000000VALvTAAX
"American Portwell Technology, Inc.",https://www.linkedin.com/company/portwell,Prospect,0013300001lIy2KAAS
Amoroso Construction,https://www.linkedin.com/company/amorosoconstruction,Prospect,0014y00002rSeehAAC
"Amplitude, Inc.",https://www.linkedin.com/company/amplitude-analytics,Prospect,0014y00002ih7OTAAY
"Anchorage Digital, Inc.",https://www.linkedin.com/company/anchorage,Prospect,0014y00002rSj8zAAC
AngelList LLC,https://www.linkedin.com/company/angellist,Prospect,0013300001ot5KZAAY
AnitaB.org,https://www.linkedin.com/company/anitab-org,Prospect,001f300001v8SiFAAU
Antora Energy,https://www.linkedin.com/company/antora-energy,Prospect,001a700000K4e10AAB
AnyRoad,https://www.linkedin.com/company/anyroad,Prospect,0014y00002l7RilAAE
Anyscale,https://www.linkedin.com/company/joinanyscale,Prospect,001a7000015o3j1AAA
Apartment List,https://www.linkedin.com/company/apartment-list,Prospect,0013300001ot50ZAAQ
Apollo GraphQL,https://www.linkedin.com/company/apollo-graphql,Prospect,001f3000022PdoFAAS
AppDirect,https://www.linkedin.com/company/appdirect,Prospect,0014y00002rON47AAG
AppsFlyer,https://www.linkedin.com/company/appsflyerhq,Prospect,0013300001qPtEaAAK
Archetype Agency LLC,https://www.linkedin.com/company/archetypeagcy,Prospect,0013300001qPtPWAA0
Aria Systems,https://www.linkedin.com/company/aria-systems,Prospect,0013300001lNMaHAAW
Arkose Labs,https://www.linkedin.com/company/arkoselabs,Prospect,0014y0000277IjLAAU
ArmorCode Inc.,https://www.linkedin.com/company/armorcode,Prospect,001a7000015ogHbAAI
Armory,https://www.linkedin.com/company/armory.io,Prospect,001f300001v8aR5AAI
Ashby,https://www.linkedin.com/company/ashbyhq,Prospect,0014y00002rU9pOAAS
Asi Computer Technologies Inc,https://www.linkedin.com/company/asi-corporation,Prospect,0014y0000276nAoAAI
Astra,https://www.linkedin.com/company/astraspace,Prospect,0014y00002raYdOAAU
Astranis Space Technologies,https://www.linkedin.com/company/astranis,Prospect,001a700000HIwBsAAL
Athens Administrators,https://www.linkedin.com/company/athens-administrators,Winback,0014000000VAR7SAAX
Augmedix,https://www.linkedin.com/company/augmedixinc,Prospect,0014y00002rSlUXAA0
Aurora Solar,https://www.linkedin.com/company/aurora-solar,Prospect,0014y00002LxVEJAA3
Avenue Code,https://www.linkedin.com/company/avenuecode,Prospect,0014y00002rOaXEAA0
Azul,https://www.linkedin.com/company/azul-systems,Prospect,0014000001DdFFiAAN
B-Stock,https://www.linkedin.com/company/bstocksolutions,Prospect,0013300001osxgLAAQ
"Backblaze, Inc.",https://www.linkedin.com/company/backblaze,Prospect,0013300001lNMllAAG
Bauer's Intelligent Transportation,https://www.linkedin.com/company/bauer's-intelligent-transportation,Prospect,001f300001v95J4AAI
Bay Alarm Company,https://www.linkedin.com/company/bay-alarm-company,Prospect,0014y00002ih7cKAAQ
Bay Area Community Health,https://www.linkedin.com/company/bay-area-community-health,Prospect,0014000000WgaDGAAZ
"Bay Cities Paving & Grading, Inc.",https://www.linkedin.com/company/bay-cities-paving-&-grading,Prospect,0014000000VsDRPAA3
BBAM,https://www.linkedin.com/company/bbam-llc,Prospect,0014y00002ih7LEAAY
BCCI Construction,https://www.linkedin.com/company/bcci,Prospect,0013300001qPtlEAAS
Benchling,https://www.linkedin.com/company/benchling,Prospect,0014y0000255mmLAAQ
BETA Healthcare Group,https://www.linkedin.com/company/beta-healthcare-group,Prospect,001f300001v8iCpAAI
Beyond,https://www.linkedin.com/company/beyond-pricing,Prospect,001f3000022PdpxAAC
Birdeye,https://www.linkedin.com/company/birdeye,Prospect,0014y00002VQIpkAAH
Bista Solutions Inc,https://www.linkedin.com/company/bista-solutions,Prospect,0014y00002rSgmWAAS
Blackmagic Design,https://www.linkedin.com/company/blackmagic-design,Prospect,001a7000015plLNAAY
"Blend Labs, Inc.",https://www.linkedin.com/company/blend-,Prospect,0014y00002ih63FAAQ
Boku,https://www.linkedin.com/company/boku-inc,Prospect,0014y0000258KyjAAE
Booster,https://www.linkedin.com/company/energydelivered,Prospect,0014y00002p8d9kAAA
Branch,https://www.linkedin.com/company/branch-app,Prospect,001a700000K4o0iAAB
Branch International,https://www.linkedin.com/company/branch-co,Prospect,001f300001whZBFAA2
Brave,https://www.linkedin.com/company/brave-software,Prospect,001f300001wha4YAAQ
Bridge Housing Corporation,https://www.linkedin.com/company/bridge-housing-corporation,Prospect,0013300001oswPfAAI
"Bridgebio Pharma, Inc.",https://www.linkedin.com/company/bridgebio,Prospect,0014y00002jRqo3AAC
Bright Machines,https://www.linkedin.com/company/bright-machines,Prospect,001f300001zvNJ5AAM
BrightEdge,https://www.linkedin.com/company/brightedge,Prospect,0014y00002U2quzAAB
Brightline,https://www.linkedin.com/company/hellobrightline,Prospect,0014y00002eZcvTAAS
Brightside Health,https://www.linkedin.com/company/brightsidehealth,Prospect,001a700000K4e1JAAR
BrightTALK,https://www.linkedin.com/company/brighttalk,Prospect,0014000001Dd2v1AAB
Brightwheel,https://www.linkedin.com/company/brightwheel,Prospect,001f300001v8MdzAAE
Brilliant Corners,https://www.linkedin.com/company/brilliant-corners-org,Prospect,001f300001zx4Z0AAI
Brilliant Earth,https://www.linkedin.com/company/brilliantearth,Prospect,001a7000003nbuKAAQ
"Build Group, Inc.",https://www.linkedin.com/company/build-group-inc,Prospect,0013300001lNNBlAAO
BuildingConnected,https://www.linkedin.com/company/autodesk-construction-cloud,Prospect,001f300001whfcnAAA
BuildZoom,https://www.linkedin.com/company/buildzoom,Prospect,001f300001v8KJXAA2
Burning Man Project,https://www.linkedin.com/company/burning-man-project,Prospect,001a700000LEgFFAA1
Byer California,https://www.linkedin.com/company/byer-california,Prospect,0014000000ZqGPKAA3
Bynd LLC,https://www.linkedin.com/company/beyond-technology-consultancy,Prospect,0014y00002rSlLwAAK
Cahill Contractors,https://www.linkedin.com/company/cahill-contractors,Prospect,0013300001qPwfYAAS
"CAI International, Inc.",https://www.linkedin.com/company/cai-international-inc,Prospect,0014000000VsK8nAAF
Calbee America,https://www.linkedin.com/company/calbee-america,Prospect,0014y00002ihODZAA2
California Academy of Sciences,https://www.linkedin.com/company/california-academy-of-sciences,Prospect,0014000000pHL2RAAW
California Casualty,https://www.linkedin.com/company/california-casualty,Prospect,0014y00002rSeR2AAK
Callan,https://www.linkedin.com/company/callan,Prospect,001f300001rUXJgAAO
Caminar,https://www.linkedin.com/company/caminar-inc,Prospect,0014000000Vt548AAB
"Captivateiq, Inc.",https://www.linkedin.com/company/captivateiq,Prospect,0014y00002dKcTAAA0
Carbon,https://www.linkedin.com/company/carbon,Prospect,001f300001v8CaaAAE
Carbon Health,https://www.linkedin.com/company/carbon-health,Prospect,001a7000003ngAYAAY
Catchpoint,https://www.linkedin.com/company/catchpoint,Prospect,0014y00002rSlJLAA0
Catholic Charities SF,https://www.linkedin.com/company/catholiccharitiessf,Prospect,0014y00002jRqlMAAS
Center for Social Dynamics,https://www.linkedin.com/company/center-for-social-dynamics,Prospect,001f300001v8FCFAA2
Cerus,https://www.linkedin.com/company/cerus,Prospect,0014y0000276nxfAAA
Chartboost,https://www.linkedin.com/company/chartboost,Prospect,0014y00002rSg0lAAC
Cherry,https://www.linkedin.com/company/withcherryus,Prospect,001a700000K9HesAAF
Chinese Hospital Association,https://www.linkedin.com/company/chinese-hospital,Prospect,0013300001lNNY2AAO
Chipper Cash,https://www.linkedin.com/company/chippercash,Prospect,0014y00002pBNoCAAW
Chronicle Books,https://www.linkedin.com/company/chronicle-books,Prospect,0014000000Vs4sRAAR
CircleCI,https://www.linkedin.com/company/circleci,Prospect,001f300001v8uipAAA
Clari,https://www.linkedin.com/company/clari,Prospect,0013300001dwYxaAAE
Clarify Health Solutions,https://www.linkedin.com/company/clarify-health-solutions,Prospect,001f300001v8WS5AAM
"ClassDojo, Inc. (Class Twist, Inc.)",https://www.linkedin.com/company/classdojo,Prospect,0014y0000259rKFAAY
Clever Inc.,https://www.linkedin.com/company/clever-inc-,Prospect,0013300001lIxIaAAK
ClimateWorks Foundation,https://www.linkedin.com/company/climateworks,Prospect,0014y00002p9MgVAAU
Cloudian Inc,https://www.linkedin.com/company/cloudian-inc,Prospect,0013300001qPyPGAA0
Cobalt,https://www.linkedin.com/company/cobalt_io,Prospect,0014y00002dJd5jAAC
Coblentz Patch Duffy & Bass LLP,https://www.linkedin.com/company/coblentz-patch-duffy-and-bass-llp,Winback,0014000000VANzMAAX
CodeSignal,https://www.linkedin.com/company/codesignal,Prospect,0014y00002vMkcOAAS
Coefficient Giving,https://www.linkedin.com/company/open-philanthropy,Prospect,001a700000LEtT7AAL
Collectively,https://www.linkedin.com/company/collectively-inc,Prospect,0014y00002rUGtoAAG
Computerworld,https://www.linkedin.com/company/computerworld,Prospect,0014y00002l7BaRAAU
Constructor.io,https://www.linkedin.com/company/constructor-io,Prospect,001a700000K96EPAAZ
Contra Costa Water District,https://www.linkedin.com/company/contra-costa-water-district,Prospect,0014000000VALtnAAH
ControlUp,https://www.linkedin.com/company/controlup-technology,Prospect,001f300001whdfVAAQ
Conviva,https://www.linkedin.com/company/conviva,Prospect,0014y000025Al4cAAC
Copper,https://www.linkedin.com/company/copper-inc,Prospect,001f300001v8xmyAAA
Corelight,https://www.linkedin.com/company/corelight,Prospect,001f300001v8yN3AAI
Craigslist,https://www.linkedin.com/company/craigslist,Prospect,0014000000ZqG5wAAF
Cresta,https://www.linkedin.com/company/cresta-inc,Prospect,001f3000022Pdu9AAC
Crunchbase,https://www.linkedin.com/company/crunchbase,Prospect,0013300001ot5KOAAY
Crystal Dynamics,https://www.linkedin.com/company/crystal-dynamics,Prospect,001f300001v99QGAAY
Culture Amp,https://www.linkedin.com/company/cultureamp,Prospect,0014y00002vMl1GAAS
"Cyberhaven, Inc.",https://www.linkedin.com/company/cyberhaven,Prospect,001a700000ClrMvAAJ
"Cytek Biosciences, Inc.",https://www.linkedin.com/company/cytek-biosciences,Prospect,0014y00002U4SexAAF
Data.ai (by Sensor Tower),https://www.linkedin.com/company/dataai,Prospect,0014y00003OU67rAAD
Databook,https://www.linkedin.com/company/databook-labs-inc.,Prospect,001f300001whYx9AAE
DCL Logistics,https://www.linkedin.com/company/dcl,Prospect,001f300001whdnZAAQ
Deepgram,https://www.linkedin.com/company/deepgram,Prospect,0014y00002lwi3EAAQ
Deepwatch,https://www.linkedin.com/company/deepwatchsec,Prospect,001a700000K4J58AAF
Degenkolb Engineers,https://www.linkedin.com/company/degenkolb-engineers,Winback,0014000000VAOdlAAH
Delfi Diagnostics,https://www.linkedin.com/company/delfi-diagnostics,Prospect,0014y00002ltVlmAAE
Delinea,https://www.linkedin.com/company/delinea,Prospect,0014000000bxAiJAAU
Demandbase,https://www.linkedin.com/company/demandbase,Prospect,0013300001lIxipAAC
Denodo,https://www.linkedin.com/company/denodo-technologies,Prospect,0014000000bxAbEAAU
DivcoWest,https://www.linkedin.com/company/divcowest,Winback,001f300001xtRm3AAE
Divvy Homes,https://www.linkedin.com/company/divvy-homes,Prospect,001f300001v8dNJAAY
"Docker, Inc",https://www.linkedin.com/company/docker,Prospect,0013300001dwYyPAAU
Dodge & Cox,https://www.linkedin.com/company/dodge-&-cox,Winback,0014000000VAQMMAA5
Dolls Kill,https://www.linkedin.com/company/dolls-kill,Prospect,001f300001v8NZCAA2
Domino Data Lab,https://www.linkedin.com/company/domino-data-lab,Prospect,0014y00002LxVIbAAN
Doximity,https://www.linkedin.com/company/doximity,Prospect,0013300001qPy05AAC
"Drill Tech Drilling & Shoring, Inc.",https://www.linkedin.com/company/drill-tech-drilling-and-shoring,Prospect,001f300001v94NqAAI
Dronedeploy,https://www.linkedin.com/company/dronedeploy,Prospect,001f300001v8sU2AAI
Duetto,https://www.linkedin.com/company/duetto-research,Prospect,0014000001TrNHJAA3
"E&E Co., Ltd.",https://www.linkedin.com/company/jla-home,Prospect,0014000000VsKN1AAN
Earthjustice,https://www.linkedin.com/company/earthjustice,Winback,001f300001v8iGLAAY
Ease,https://www.linkedin.com/company/ease,Prospect,0014y00002rSEDIAA4
"Eat Just, Inc.",https://www.linkedin.com/company/eat-just-inc,Prospect,001f3000022q5huAAA
"Eaze, Inc.",https://www.linkedin.com/company/eaze-up,Prospect,001a700000K4SF2AAN
"Eden Housing, Inc.",https://www.linkedin.com/company/eden-housing-inc-,Winback,0014000000mY8eUAAS
Edgewood,https://www.linkedin.com/company/edgewoodcenter,Winback,0014000000VALuFAAX
Edpuzzle,https://www.linkedin.com/company/edpuzzle-inc-,Prospect,0014y00002rUO2ZAAW
Egain Corporation,https://www.linkedin.com/company/egain-corporation,Prospect,0014000000Vt5l7AAB
EIS Group Inc,https://www.linkedin.com/company/eisgroupltd,Winback,001f300001whbEAAAY
Elation Health,https://www.linkedin.com/company/elationhealth,Prospect,001f300001v8p6jAAA
Elma Electronic Inc.,https://www.linkedin.com/company/elma-electronic,Prospect,0014000000VsIeFAAV
Embroker,https://www.linkedin.com/company/embroker,Prospect,0014y00002rSku4AAC
Emerson Collective,https://www.linkedin.com/company/emerson-collective,Prospect,001a700000LEjOSAA1
EMPIRE,https://www.linkedin.com/company/empire-sf,Prospect,001a700000K46CwAAJ
Enable,https://www.linkedin.com/company/enable-software,Prospect,0014y00002rSxEyAAK
Enovix Corporation,https://www.linkedin.com/company/enovix-corp-,Prospect,0014y0000275LZdAAM
"Env Services, Inc.",https://www.linkedin.com/company/env-services,Prospect,0014y00002rShzqAAC
Envoy,https://www.linkedin.com/company/envoy-inc,Prospect,0013300001osymFAAQ
"Essai, Inc.",https://www.linkedin.com/company/essai-inc.,Prospect,0013300001lNOXNAA4
Eventbrite,https://www.linkedin.com/company/eventbrite,Prospect,00140000013xKAEAA2
Evenup,https://www.linkedin.com/company/evenup,Prospect,001a700000K9HexAAF
Everlane,https://www.linkedin.com/company/everlane,Prospect,0013300001qPu1AAAS
Exar Corporation,https://www.linkedin.com/company/exar-corporation,Prospect,0013300001lIyw0AAC
Exclusive Networks NA,https://www.linkedin.com/company/exclusive-networks-na,Prospect,0014y00002ihP7IAAU
Exploratorium,https://www.linkedin.com/company/exploratorium,Winback,0014000000VAS4nAAH
"F-Secure, Inc.",https://www.linkedin.com/company/f-secure-corporation,Prospect,0014y00002vMl8kAAC
Factory,https://www.linkedin.com/company/factory-hq,Prospect,001a7000015oItRAAU
FalconX,https://www.linkedin.com/company/thefalconx,Prospect,001a7000015oS8GAAU
Farallon Capital Management,https://www.linkedin.com/company/farallon-capital-management,Winback,0014y00002pC3KyAAK
"Farmer's Business Network, Inc.",https://www.linkedin.com/company/farmers-business-network,Prospect,001f300001v9218AAA
"Fastpath Solutions, LLC",https://www.linkedin.com/company/fastpath-inc-,Prospect,0013300001oswQvAAI
"Fce Benefit Administrators, Inc.",https://www.linkedin.com/company/fce-benefit-administrators,Prospect,001f300001v93KCAAY
Federal Home Loan Bank of San Francisco,https://www.linkedin.com/company/federal-home-loan-bank-of-san-francisco,Prospect,0013300001loDIyAAM
Felton Institute,https://www.linkedin.com/company/felton-institute,Prospect,001f300001z9QQQAA2
Financial Technology Partners / FT Partners,https://www.linkedin.com/company/financial-technology-partners,Prospect,001f300001v8lMsAAI
First Round Capital,https://www.linkedin.com/company/first-round-capital,Prospect,001a7000015pho8AAA
Firstup,https://www.linkedin.com/company/firstup-io,Prospect,0014y00002bbUyiAAE
"Firstup, Inc. (formerly Dynamic Signal)",https://www.linkedin.com/company/dynamic-signal,Prospect,0014000001aNztpAAC
Flickr,https://www.linkedin.com/company/flickr,Prospect,0014y0000276pCUAAY
Flutterwave,https://www.linkedin.com/company/flutterwave,Prospect,001f3000022PdyIAAS
FLYR,https://www.linkedin.com/company/flyrinc,Prospect,001f300001whcQAAAY
Food Bank of Contra Costa and Solano,https://www.linkedin.com/company/food-bank-of-contra-costa-and-solano,Prospect,0014y00002ihHX8AAM
Forma,https://www.linkedin.com/company/joinforma,Prospect,0014y00002pB3E6AAK
Fountain,https://www.linkedin.com/company/fountaininc,Prospect,001f300001v8rr1AAA
Foxit Software Incorporated,https://www.linkedin.com/company/foxit-corporation,Prospect,001f300001whaaCAAQ
Front,https://www.linkedin.com/company/fronthq,Prospect,0013300001loFDxAAM
Gala,https://www.linkedin.com/company/gogala,Prospect,001a7000015owytAAA
Galway Holdings,https://www.linkedin.com/company/galway-holdings,Prospect,0014y00002jRpekAAC
Gametime,https://www.linkedin.com/company/gametime-united,Prospect,001f300001v8wcxAAA
General Catalyst,https://www.linkedin.com/company/general-catalyst,Prospect,0014y00002LxNT3AAN
Generate,https://www.linkedin.com/company/generatecapital,Prospect,0014y00002lueGcAAI
Getaround,https://www.linkedin.com/company/getaround,Prospect,001a700000K3uBbAAJ
GI Partners,https://www.linkedin.com/company/gi-partners,Prospect,0014y00002jS8kgAAC
Gladly,https://www.linkedin.com/company/gladly-inc,Prospect,001f300001wheOZAAY
"Glass, Lewis & Co.",https://www.linkedin.com/company/glass-lewis-&-co-,Prospect,001f300001v962dAAA
Global Fund for Women,https://www.linkedin.com/company/global-fund-for-women,Prospect,0014y00002vNGvcAAG
"Globality, Inc.",https://www.linkedin.com/company/globality-inc-,Prospect,001f300001v8q7kAAA
"Glooko, Inc.",https://www.linkedin.com/company/glooko,Prospect,001f300001v8jvYAAQ
Go1 USA LLC,https://www.linkedin.com/company/go1,Prospect,001a700000HNzp6AAD
Golden Gate Capital,https://www.linkedin.com/company/golden-gate-capital,Prospect,0014y00002rScmFAAS
Golden Gate National Parks Conservancy,https://www.linkedin.com/company/golden-gate-national-parks-conservancy,Winback,0014000000VAPn5AAH
Gong,https://www.linkedin.com/company/gong-io,Prospect,0014y00002pC2xtAAC
Gordon and Betty Moore Foundation,https://www.linkedin.com/company/moore-foundation,Prospect,0014y00002ihHtpAAE
Gorgias,https://www.linkedin.com/company/gorgias,Prospect,001a700000K3uBdAAJ
Gotion Inc.,https://www.linkedin.com/company/gotion-inc-,Prospect,0014y00002vOyHFAA0
Granular,https://www.linkedin.com/company/granular,Prospect,0014y00002VNjGrAAL
Greylock Partners,https://www.linkedin.com/company/greylock-partners,Prospect,0014y00002rSnpFAAS
Grove Collaborative,https://www.linkedin.com/company/grove-collaborative,Prospect,001a7000003ne62AAA
GrubMarket Inc.,https://www.linkedin.com/company/grubmarket-inc-,Prospect,001f300001v99TKAAY
GSI Technology,https://www.linkedin.com/company/gsi-technology,Prospect,001f300001v8aw4AAA
Hall Capital Partners LLC,https://www.linkedin.com/company/hall-capital-partners-llc,Prospect,001f300001v8yvXAAQ
Hanson Bridgett LLP,https://www.linkedin.com/company/hanson-bridgett-llp,Prospect,001f300001v8MINAA2
Harness,https://www.linkedin.com/company/harnessinc,Prospect,001f300001whdrBAAQ
"Harris & Associates, Inc.",https://www.linkedin.com/company/harris-&-associates,Prospect,0014000000VsJQJAA3
Harvey Corporation,https://www.linkedin.com/company/harvey-ai,Prospect,001a700000BBHdqAAH
Harvey Nash Inc.,https://www.linkedin.com/company/harvey-nash,Prospect,0014y00002jSMvSAAW
Hathaway Dinwiddie Construction Group,https://www.linkedin.com/company/hathaway-dinwiddie,Prospect,001a700000LEmGZAA1
Haus,https://www.linkedin.com/company/haus-analytics,Prospect,001a7000015owz1AAA
Headspace,https://www.linkedin.com/company/headspace-meditation-limited,Prospect,001f300001yqdJyAAI
HealthRIGHT 360,https://www.linkedin.com/company/healthright-360,Winback,0013300001osv1qAAA
Heartflow,https://www.linkedin.com/company/heartflow-inc,Prospect,0013300001qPtOQAA0
Herrero Builders,https://www.linkedin.com/company/herrero-builders,Prospect,0014y00002ihRWAAA2
"Highnote Platform, Inc.",https://www.linkedin.com/company/highnote,Prospect,0014y000032ahUxAAI
Hive,https://www.linkedin.com/company/hiveai,Prospect,001a700000K3uBmAAJ
Homebase,https://www.linkedin.com/company/homebase-app,Prospect,0014y00003OUmtfAAD
Homebound,https://www.linkedin.com/company/modern-homebuilding,Prospect,001a7000015ouXJAAY
HoneyBook,https://www.linkedin.com/company/honeybook,Prospect,001f300001v8rBYAAY
"Honeycomb (Hound Technology, Inc.)",https://www.linkedin.com/company/honeycomb.io,Prospect,001a7000007GGT9AAO
Horizon3.ai,https://www.linkedin.com/company/horizon3ai,Prospect,0014y00002rUdMrAAK
Hotwire,https://www.linkedin.com/company/hotwireglobal,Prospect,0014y00002jRq4EAAS
Houzz,https://www.linkedin.com/company/houzz,Prospect,0013300001dwYeGAAU
Hover Inc.,https://www.linkedin.com/company/hover-inc-,Prospect,0014y000025ADPnAAO
Human Interest Inc.,https://www.linkedin.com/company/humaninterest,Prospect,0014y00002U43I8AAJ
Huseby Inc,https://www.linkedin.com/company/huseby-inc.,Prospect,001f300001v8hCeAAI
"Hydraulic Controls, Inc.",https://www.linkedin.com/company/hydrauliccontrolsinc,Prospect,001a700000LEegwAAD
"Ichor Holdings, Ltd.",https://www.linkedin.com/company/ichor-systems-inc.,Prospect,001a700000LEaLqAAL
"Iconiq Capital, LLC",https://www.linkedin.com/company/iconiq-capital-llc,Prospect,001f300001v8LHJAA2
IEM Holdings Group Inc.,https://www.linkedin.com/company/industrial-electric-mfg,Winback,0014y00002jRqtlAAC
Imperfect Foods,https://www.linkedin.com/company/imperfect-foods-spc,Prospect,001f300001v8TDHAA2
Included Health,https://www.linkedin.com/company/includedhealth,Prospect,0013300001lNPCRAA4
"Infinitus Systems, Inc.",https://www.linkedin.com/company/infinitusai,Prospect,0014y00002raAeKAAU
Influxdata Inc.,https://www.linkedin.com/company/influxdb,Prospect,0014y00002WakS4AAJ
InMobi,https://www.linkedin.com/company/inmobi,Prospect,0014y00002jRlEEAA0
Innovaccer,https://www.linkedin.com/company/innovaccer,Prospect,001f300001v99UqAAI
Insidesource,https://www.linkedin.com/company/insidesource,Prospect,0014y0000276t52AAA
"InsideView, A Demandbase Company",https://www.linkedin.com/company/insideview-inc,Prospect,0014000000ZnFXTAA3
Instawork,https://www.linkedin.com/company/instawork,Prospect,001f300001v8MJ0AAM
Institute on Aging,https://www.linkedin.com/company/institute-on-aging,Prospect,001f300001v8y8wAAA
Integral Development Corp.,https://www.linkedin.com/company/integral-development-corporation,Prospect,001f300001v8gUPAAY
"Interior Architects, Inc.",https://www.linkedin.com/company/ia-interior-architects,Prospect,0014y0000276q8lAAA
Internet Archive,https://www.linkedin.com/company/internet-archive,Prospect,001f300001v95QBAAY
"Intershop Communications, Inc.",https://www.linkedin.com/company/intershop-communications,Prospect,001f300001v8uYhAAI
Interwell Health,https://www.linkedin.com/company/interwell-health,Prospect,001a7000001Fh9DAAS
"Irhythm Technologies, Inc.",https://www.linkedin.com/company/irhythm-technologies-inc-,Prospect,00140000011lkU3AAI
"Ironclad, Inc.",https://www.linkedin.com/company/ironclad-inc-,Prospect,001f300001v8weyAAA
Iterable,https://www.linkedin.com/company/iterable,Prospect,001f300001v8uHUAAY
Janie and Jack,https://www.linkedin.com/company/janie-and-jack,Prospect,001a700000LELGEAA5
Jerry,https://www.linkedin.com/company/jerryinc,Prospect,001a700000K4jg0AAB
"Jewish Family and Children's Services of San Francisco, the Peninsula, Marin and Sonoma Counties",https://www.linkedin.com/company/jfcs,Prospect,0014y00002pC3anAAC
Jewish Federation Bay Area,https://www.linkedin.com/company/jewishbayarea,Prospect,0014y00002ihJnLAAU
Jews for Jesus,https://www.linkedin.com/company/jewsforjesus,Prospect,0013300001osrTSAAY
Jitterbit,https://www.linkedin.com/company/jitterbit,Prospect,0013300001qPudfAAC
"Jsr Micro, Inc.",https://www.linkedin.com/company/jsr-micro-inc,Prospect,0014y00002ih1TOAAY
Jumio Corporation,https://www.linkedin.com/company/jumio-corporation,Prospect,001f300001v7iZgAAI
Juniper Square,https://www.linkedin.com/company/juniper-square,Prospect,0014y00002vMkxTAAS
"Kabam, Inc.",https://www.linkedin.com/company/kabamgames,Prospect,0013300001loDVFAA2
Kairos Power,https://www.linkedin.com/company/kairospower,Prospect,0014y0000276qNAAAY
Karbon,https://www.linkedin.com/company/karbonhq,Prospect,0014y00002raMBIAA2
Kennedy Jenks,https://www.linkedin.com/company/kennedyjenks-consultants,Prospect,0014000000VsJ73AAF
Kentik,https://www.linkedin.com/company/kentik,Prospect,001f300001v8VmxAAE
Kidango,https://www.linkedin.com/company/kidango,Prospect,0014y00002pBUlQAAW
Kiteworks,https://www.linkedin.com/company/kiteworkscgcp,Prospect,0014y00002rSZb9AAG
Kiva,https://www.linkedin.com/company/kiva-org,Prospect,0013300001oswo2AAA
"Kiva Brands, Inc.",https://www.linkedin.com/company/kiva-confections,Prospect,0014y0000276qUOAAY
Komodo Health,https://www.linkedin.com/company/komodo-health,Prospect,001f300001v9XKmAAM
Kong,https://www.linkedin.com/company/konghq,Prospect,001f300001v8ZrgAAE
Kore.ai,https://www.linkedin.com/company/kore-inc,Prospect,001f300001v8vXXAAY
KQED,https://www.linkedin.com/company/kqed,Winback,0014000000Y9qEaAAJ
Labelbox,https://www.linkedin.com/company/labelbox,Prospect,0014y00002vMkjmAAC
"Land Home Financial Services, Inc.",https://www.linkedin.com/company/lhfs,Prospect,0014y00002p8Z4hAAE
Larkin Street Youth Services,https://www.linkedin.com/company/larkin-street-youth-services,Prospect,0014y000025ADPsAAO
Lattice,https://www.linkedin.com/company/lattice-hq,Prospect,001f3000022Pe5zAAC
"Legacy Partners, LLC",https://www.linkedin.com/company/legacy-partners,Prospect,0013300001cCPdPAAW
Life360,https://www.linkedin.com/company/life360,Prospect,0013300001lIyO5AAK
LifeStreet,https://www.linkedin.com/company/lifestreet-corporation,Prospect,001f300001v8mtQAAQ
Linden Lab,https://www.linkedin.com/company/linden-lab,Prospect,0014000000VsE9hAAF
"Liveops, Inc.",https://www.linkedin.com/company/liveops-contact-center-solutions,Prospect,0014000000VsM4mAAF
Lob,https://www.linkedin.com/company/lob,Prospect,0014y00002LwcFtAAJ
Loft Orbital,https://www.linkedin.com/company/loft-orbital,Prospect,001a7000001I7P3AAK
LoopNet,https://www.linkedin.com/company/loopnet,Prospect,0014000000VsKNoAAN
Low Income Investment Fund,https://www.linkedin.com/company/low-income-investment-fund,Prospect,0014y00002ih2AWAAY
Lucidworks,https://www.linkedin.com/company/lucidworks,Prospect,0014y0000259j3uAAA
Lucile Packard Foundation for Children's Health,https://www.linkedin.com/company/lucilepackardfoundation,Prospect,001f300001v8uunAAA
Luciq,https://www.linkedin.com/company/luciq,Prospect,001a7000015owz7AAA
Luma Health,https://www.linkedin.com/company/lumahealth,Prospect,001f300001xHYpQAAW
Lumens LLC,https://www.linkedin.com/company/lumens,Prospect,001f300001v8WHTAA2
Madison Reed,https://www.linkedin.com/company/madison-reed,Prospect,0013300001qPwvfAAC
MaintainX,https://www.linkedin.com/company/getmaintainx,Prospect,001a7000001nDohAAE
Malcolm Drilling,https://www.linkedin.com/company/malcolm-drilling,Prospect,0014000000bRS5UAAW
Marin Software,https://www.linkedin.com/company/marinsoftware,Prospect,0013300001osrBUAAY
"Matterport, Inc.",https://www.linkedin.com/company/matterport,Prospect,0014y00002vMkrbAAC
Mattson Technology,https://www.linkedin.com/company/mattson-technology,Prospect,0014000000VsK8oAAF
Maximus Real Estate Partners,https://www.linkedin.com/company/maximus-real-estate-partners,Prospect,001f3000022P5uHAAS
Mazzetti,https://www.linkedin.com/company/mazzetti,Winback,0014000000VAOSKAA5
MBH Architects,https://www.linkedin.com/company/mbh-architects,Winback,0014000000VAS2FAAX
McMillan Electric,https://www.linkedin.com/company/mcmillan-electric,Prospect,0014y00002jRkT8AAK
Medable,https://www.linkedin.com/company/medable-inc-,Prospect,001f300001v8ad0AAA
"MedEvolve, LLC",https://www.linkedin.com/company/medevolve,Prospect,0013300001b8Nu7AAE
Medium Corporation,https://www.linkedin.com/company/medium-com,Prospect,0013300001lNQkbAAG
"Mercari, Inc.",https://www.linkedin.com/company/mercari-inc-,Prospect,001f300001whfvMAAQ
Messagebird USA Inc.,https://www.linkedin.com/company/birdhq,Prospect,0013300001oszUoAAI
Mezzetta,https://www.linkedin.com/company/mezzetta,Prospect,0014y00002ihCDEAA2
Midpen Housing Corporation,https://www.linkedin.com/company/midpenhousing,Prospect,001a700000LEgZ3AAL
Mindful Health Solutions,https://www.linkedin.com/company/mindul-health-solutions,Prospect,001a700000DMc0oAAD
MINE,https://www.linkedin.com/company/mine-,Prospect,0014y00002pC7OhAAK
"Minted, LLC",https://www.linkedin.com/company/minted,Prospect,0014y00002cbT1FAAU
"Mixpanel, Inc.",https://www.linkedin.com/company/mixpanel-inc-,Prospect,0013300001lIxUxAAK
Mode,https://www.linkedin.com/company/mode-analytics,Prospect,0013300001lNQtMAAW
Modern Health,https://www.linkedin.com/company/modern-health,Prospect,001f300001xut11AAA
Modsquad,https://www.linkedin.com/company/modsquad-inc-,Prospect,0013300001qPvT0AAK
MoEngage,https://www.linkedin.com/company/moengage,Prospect,001f300001whfbYAAQ
Monte Carlo,https://www.linkedin.com/company/monte-carlo-data,Prospect,001a7000015ptE5AAI
Mozilla Foundation,https://www.linkedin.com/company/mozilla-corporation,Prospect,0014y00002rSeePAAS
Mursion,https://www.linkedin.com/company/mursion,Prospect,0014y00002vMkd6AAC
Nanonets,https://www.linkedin.com/company/nanonets,Prospect,001a7000015poeGAAQ
"Narvar, Inc.",https://www.linkedin.com/company/narvar,Prospect,0014y00002WLR1sAAH
Native American Health Center,https://www.linkedin.com/company/native-american-health-center,Prospect,001f300001v8xGgAAI
Nativo Inc,https://www.linkedin.com/company/nativo-inc,Prospect,0013300001qPvmGAAS
Nauto,https://www.linkedin.com/company/nauto,Prospect,0013300001ot5KRAAY
Nektar Therapeutics,https://www.linkedin.com/company/nektar-therapeutics,Prospect,0014000000sIxbTAAS
Neo4j,https://www.linkedin.com/company/neo4j,Prospect,0013300001loE7dAAE
NetLine,https://www.linkedin.com/company/netline-corporation,Prospect,0014y0000275ISXAA2
Netomi,https://www.linkedin.com/company/netomi,Prospect,001a70000011RonAAE
Nexsan,https://www.linkedin.com/company/nexsan,Prospect,0014y00002jS8hFAAS
Nextdoor,https://www.linkedin.com/company/nextdoor-com,Prospect,0014y00002jRgQtAAK
NextLabs,https://www.linkedin.com/company/nextlabs,Prospect,0014000001YRIFrAAP
"Nextroll, Inc.",https://www.linkedin.com/company/nextroll,Prospect,0013300001lIypTAAS
Nibbi Brothers General Contractors,https://www.linkedin.com/company/nibbi,Winback,001a700000K4jgCAAR
Nimble,https://www.linkedin.com/company/nimble-robotics,Prospect,0014y00002vMlJdAAK
Nirvana Insurance,https://www.linkedin.com/company/nirvana-tech,Prospect,001a7000015pu3sAAA
Nitro Software,https://www.linkedin.com/company/go-nitro,Prospect,0013300001osvvPAAQ
Nium,https://www.linkedin.com/company/nium-global,Prospect,001a7000015olM6AAI
North American Title,https://www.linkedin.com/company/domalocal,Prospect,0014y00002ebrZbAAI
North East Medical Services,https://www.linkedin.com/company/nemssf,Winback,0014000000VASe9AAH
North East Medical Services,https://www.linkedin.com/company/north-east-medical-services,Prospect,001a7000003nh4UAAQ
Northland Controls,https://www.linkedin.com/company/northland-controls,Prospect,0013300001qPrxNAAS
Notable,https://www.linkedin.com/company/notablehealth,Prospect,001a700000K4jgDAAR
Novogradac,https://www.linkedin.com/company/novogradac-and-company-llp,Prospect,0013300001qPvT9AAK
Nozomi Networks,https://www.linkedin.com/company/nozomi-networks-sa,Prospect,0014y0000259hphAAA
Nuage Networks from Nokia,https://www.linkedin.com/company/nuage-networks,Prospect,0013300001osvbjAAA
Nuna Inc.,https://www.linkedin.com/company/nuna-inc,Prospect,001f300001v8i1TAAQ
"Nylas, Inc.",https://www.linkedin.com/company/nylas,Prospect,001f300001whaibAAA
Obsidian Security,https://www.linkedin.com/company/obsidiansecurity,Prospect,0014y00002dLX7mAAG
Octave,https://www.linkedin.com/company/octavehealth,Prospect,001f3000022PeAZAA0
"On Lok, Inc.",https://www.linkedin.com/company/on-lok,Winback,0014000000VsM0aAAF
OnePlus,https://www.linkedin.com/company/oneplus,Prospect,0014y00002jRfBRAA0
Ontra,https://www.linkedin.com/company/ontra-ai,Prospect,001a700000JpZYwAAN
OpenSpace,https://www.linkedin.com/company/openspace.ai,Prospect,001f300001whfO3AAI
Opportunity Junction,https://www.linkedin.com/company/opportunity-junction,Prospect,001f300001v8WXsAAM
OptimHire,https://www.linkedin.com/company/optimhire,Prospect,001a7000015olLtAAI
Optoma Technology,https://www.linkedin.com/company/optoma-technology,Prospect,001f300001v8dsoAAA
Oro Labs,https://www.linkedin.com/company/procurewithoro,Prospect,001a7000015s2r4AAA
"Ouster, Inc.",https://www.linkedin.com/company/ouster,Prospect,001f300001v94VAAAY
Pacaso,https://www.linkedin.com/company/pacasohomes,Prospect,0014y0000276rkUAAQ
Pacific Maritime Association,https://www.linkedin.com/company/pacific-maritime-association,Winback,0014000000VAStVAAX
PagerDuty,https://www.linkedin.com/company/pagerduty,Prospect,0013300001ot08XAAQ
Pair Team,https://www.linkedin.com/company/yourpairteam,Prospect,001a7000015s1c5AAA
Patreon,https://www.linkedin.com/company/patreon,Prospect,001f300001whfizAAA
Pattern Energy,https://www.linkedin.com/company/pattern-energy,Winback,001a7000003ngSrAAI
Pave,https://www.linkedin.com/company/pave,Prospect,0014y00002rSi3QAAS
Peek,https://www.linkedin.com/company/peek-com,Prospect,0013300001qPxDcAAK
Penguin Computing,https://www.linkedin.com/company/penguin-computing,Prospect,0013300001lIyqbAAC
Perplexity,https://www.linkedin.com/company/perplexity-ai,Prospect,001a7000015pmsmAAA
Persona,https://www.linkedin.com/company/persona-identities,Prospect,001a700000K4hVfAAJ
Pet Food Express,https://www.linkedin.com/company/pet-food-express,Prospect,001f300001v8tmeAAA
Peterson Power Systems,https://www.linkedin.com/company/peterson-power-systems,Prospect,001a7000015oZ31AAE
"PGH Wong Engineering, Inc.",https://www.linkedin.com/company/pgh-wong-engineering-inc,Prospect,0014y00002rSmVLAA0
"Philo, Inc.",https://www.linkedin.com/company/philo,Prospect,0013300001osysvAAA
PicnicHealth,https://www.linkedin.com/company/picnichealth,Prospect,001a7000015puDYAAY
Pilot.com,https://www.linkedin.com/company/pilothq,Prospect,001a700000K4hVgAAJ
Pipefy,https://www.linkedin.com/company/pipefy,Prospect,0014y00002dJRl6AAG
Plaid,https://www.linkedin.com/company/plaid-,Prospect,0014y00002dLJpvAAG
"Planful, Inc.",https://www.linkedin.com/company/planful-inc,Prospect,0013300001osoWvAAI
"Planisware USA, Inc.",https://www.linkedin.com/company/planisware,Prospect,0013300001qPsx6AAC
Planned Parenthood Northern California,https://www.linkedin.com/company/planned-parenthood-shasta-pacific,Prospect,0014000000Vt5XzAAJ
Plastikon Industries Inc,https://www.linkedin.com/company/plastikon-industries-inc,Prospect,0013300001qPsJOAA0
PLOS,https://www.linkedin.com/company/public-library-of-science,Prospect,0014y0000255QWTAA2
Plume,https://www.linkedin.com/company/plume-wifi,Prospect,001f300001whf5vAAA
Pocket Gems,https://www.linkedin.com/company/pocket-gems,Prospect,001f300001v8NYKAA2
Point,https://www.linkedin.com/company/point,Prospect,001f300001whcdfAAA
Pony.ai,https://www.linkedin.com/company/pony-ai,Prospect,001f300001whev2AAA
Port of San Francisco,https://www.linkedin.com/company/sfport,Prospect,0014y00002ihFn4AAE
PQS by Innovaccer,https://www.linkedin.com/company/pharmacy-quality-solutions-inc-,Prospect,0014y00002vNETnAAO
Pramata Corporation,https://www.linkedin.com/company/pramata-corporation,Prospect,001f300001zumiaAAA
"Presto Phoenix, Inc.",https://www.linkedin.com/company/presto-ai,Prospect,001f300001v84KeAAI
Prezi,https://www.linkedin.com/company/prezi,Prospect,0013300001osyC9AAI
Prime Finance,https://www.linkedin.com/company/primefinance,Prospect,0014y0000276s9wAAA
Productboard,https://www.linkedin.com/company/productboard,Prospect,001f300001whfC9AAI
ProGuard Security Services,https://www.linkedin.com/company/proguard-security-services,Prospect,001a7000015pBrWAAU
"Prometheus Real Estate Group, Inc.",https://www.linkedin.com/company/prometheus-real-estate-group,Prospect,0014y00002ih6ztAAA
Prophet,https://www.linkedin.com/company/prophet,Prospect,0014y00002rSensAAC
Prosper Marketplace,https://www.linkedin.com/company/prosper-marketplace,Prospect,0014y00002rSeh2AAC
PsiQuantum,https://www.linkedin.com/company/psiquantum-ltd,Prospect,0014y0000259VQDAA2
PyTorch,https://www.linkedin.com/company/pytorch,Prospect,001a7000015ouXTAAY
Qualia,https://www.linkedin.com/company/qualiasoftware,Prospect,001a700000K4kaxAAB
Quantcast,https://www.linkedin.com/company/quantcast,Prospect,0014000000sJGQzAAO
Quay,https://www.linkedin.com/company/quay-australia,Prospect,001f300001v8i3bAAA
Quince,https://www.linkedin.com/company/onequince,Prospect,001a7000008YGnPAAW
Qwiet,https://www.linkedin.com/company/qwiet,Prospect,0014y00002vOx1uAAC
"R.S. Hughes Company, Inc.",https://www.linkedin.com/company/r-s--hughes,Prospect,0014000000sJEZJAA4
Rad AI,https://www.linkedin.com/company/radai,Prospect,001a7000015poe5AAA
Rahi,https://www.linkedin.com/company/rahi-systems,Prospect,001f300001v92VjAAI
"Rams, Inc.",https://www.linkedin.com/company/rams-inc-,Prospect,001a700000K4kayAAB
Real-Time Innovations (RTI),https://www.linkedin.com/company/rti,Prospect,0013300001qPthKAAS
Recurly,https://www.linkedin.com/company/recurly,Prospect,0013300001qPvg0AAC
Replit,https://www.linkedin.com/company/repl-it,Prospect,001a7000015oooHAAQ
Rescale,https://www.linkedin.com/company/rescale,Prospect,0013300001lIyFDAA0
"Retool, Inc.",https://www.linkedin.com/company/tryretool,Prospect,001a7000001d7ZVAAY
Rimon PC,https://www.linkedin.com/company/rimon,Prospect,001a700000K4MfRAAV
Riviera Partners,https://www.linkedin.com/company/riviera-partners,Prospect,001f300001v8v5BAAQ
RK Logistics Group,https://www.linkedin.com/company/rk-logistics-group-inc,Prospect,0014y00002rSh8ZAAS
Rocket Lawyer,https://www.linkedin.com/company/rocket-lawyer-inc,Prospect,0014000001XU4ZMAA1
Roofr,https://www.linkedin.com/company/roofr,Prospect,0014y00002lwaJkAAI
Rothy's,https://www.linkedin.com/company/rothy-s,Prospect,001f300001whcEIAAY
RPX Corporation,https://www.linkedin.com/company/rpx-corporation,Prospect,001f300001v8oaxAAA
SA Technologies Inc.,https://www.linkedin.com/company/sa-technologies-inc,Prospect,001a700000HLk7lAAD
Saildrone,https://www.linkedin.com/company/saildrone-inc,Prospect,001f300001v9758AAA
Salt Security,https://www.linkedin.com/company/saltsecurity,Prospect,0014y00002rZJ83AAG
"Samba Tv, Inc.",https://www.linkedin.com/company/sambatv,Winback,001f300001v8JfRAAU
San Francisco Ballet,https://www.linkedin.com/company/san-francisco-ballet,Prospect,0014000000VroEDAAZ
San Francisco Foundation,https://www.linkedin.com/company/san-francisco-foundation,Prospect,0014y00002ih1UrAAI
San Francisco SPCA,https://www.linkedin.com/company/sfspca,Prospect,001a700000K4MfXAAV
San Francisco Symphony,https://www.linkedin.com/company/san-francisco-symphony,Prospect,0014000000VsJUBAA3
Sandbox VR,https://www.linkedin.com/company/sandboxvr,Prospect,001a700000K4kjQAAR
SandboxAQ,https://www.linkedin.com/company/sandboxaq,Prospect,001a7000015poe6AAA
Sauce Labs,https://www.linkedin.com/company/sauce-labs,Prospect,0013300001loFDTAA2
"Scality, Inc.",https://www.linkedin.com/company/scality,Prospect,001f300001v8ryMAAQ
"Sciton, Inc.",https://www.linkedin.com/company/sciton,Prospect,001f300001v8MobAAE
"Scribd, Inc.",https://www.linkedin.com/company/scribd,Prospect,001f300001whbjqAAA
Scuba,https://www.linkedin.com/company/scubaanalytics,Prospect,0013300001qPvhMAAS
"Seatel, Inc.",https://www.linkedin.com/company/cobham-satcom,Prospect,0014y00002pC2NGAA0
Security Engineers Inc,https://www.linkedin.com/company/security-engineers-inc.,Prospect,00140000014rwAPAAY
Securonix,https://www.linkedin.com/company/securonix,Prospect,0014000001LPLehAAH
Seesaw Learning,https://www.linkedin.com/company/seesaw-learning,Prospect,001a7000015rvI4AAI
Sendbird,https://www.linkedin.com/company/sendbird,Prospect,001f300001whfCMAAY
Sendoso,https://www.linkedin.com/company/sendoso,Prospect,0014y0000256hx4AAA
"Sense Talent Labs, Inc. (Sense)",https://www.linkedin.com/company/sensehq,Prospect,001f300001xusywAAA
Sensor Tower,https://www.linkedin.com/company/sensor-tower,Prospect,001f300001whcREAAY
Sentry,https://www.linkedin.com/company/getsentry,Prospect,0014y00002rSlYwAAK
Sequoia,https://www.linkedin.com/company/sequoia-tpi,Prospect,0013300001qPwjPAAS
Sequoia Living,https://www.linkedin.com/company/sequoia-living,Winback,0014000000VAMLrAAP
Seyond,https://www.linkedin.com/company/seyond,Prospect,001a7000015ptMAAAY
SFMOMA San Francisco Museum of Modern Art,https://www.linkedin.com/company/san-francisco-museum-of-modern-art,Prospect,0014000000VAM3PAAX
SGH - Smart Global Holdings,https://www.linkedin.com/company/smart-global-holdings,Prospect,0014y00002rSdGcAAK
Shorenstein Realty Services,https://www.linkedin.com/company/shorenstein-realty-services,Prospect,0014y00002jRo3tAAC
Side,https://www.linkedin.com/company/siderealestate,Prospect,0014y00003OTsH8AAL
Sierra,https://www.linkedin.com/company/sierra,Prospect,0014y00002rSgp9AAC
Sierra Circuits,https://www.linkedin.com/company/sierra-circuits-inc,Prospect,0013300001qPsJgAAK
Sift,https://www.linkedin.com/company/getsift,Prospect,0013300001osvh5AAA
Sigma,https://www.linkedin.com/company/sigmacomputing,Prospect,0014y00002l6EeOAAU
"Sila Nanotechnologies, Inc.",https://www.linkedin.com/company/sila-nanotechnologies-inc-,Prospect,001f300001whfAKAAY
"Silicon Valley Mechanical, Inc.",https://www.linkedin.com/company/silicon-valley-mechanical,Prospect,0014y0000276swLAAQ
SingleStore,https://www.linkedin.com/company/singlestore,Prospect,0014y00002h1V6DAAU
Singular,https://www.linkedin.com/company/singular-labs,Prospect,001f300001whfsNAAQ
Sios Technology Corp.,https://www.linkedin.com/company/siostech,Prospect,0013300001qPsyDAAS
Skai,https://www.linkedin.com/company/skaicommerce,Prospect,001a7000015rvHvAAI
SkinSpirit Skincare Clinic and Spa,https://www.linkedin.com/company/skinspirit-skincare-clinic-&-spa,Prospect,0014y0000276szBAAQ
"Skydio, Inc.",https://www.linkedin.com/company/skydio,Prospect,0014y00002ih2ALAAY
Skylight,https://www.linkedin.com/company/skylight-frame,Prospect,001a700000LExrIAAT
Slash,https://www.linkedin.com/company/joinslash,Prospect,0014y00003QywfgAAB
Smithrx,https://www.linkedin.com/company/smithrx,Prospect,001a700000K4JmmAAF
SnapLogic,https://www.linkedin.com/company/snaplogic,Prospect,0013300001lJ16eAAC
Socialware,https://www.linkedin.com/company/socialware,Prospect,001a7000015oj0vAAA
Sojern,https://www.linkedin.com/company/sojern,Prospect,0013300001qPvj1AAC
Sonatus,https://www.linkedin.com/company/sonatus,Prospect,001a700000K4kbCAAR
"Soundthinking, Inc.",https://www.linkedin.com/company/soundthinkinginc,Prospect,0013300001osuj4AAA
Span,https://www.linkedin.com/company/spanio,Prospect,0014y000032YIylAAG
Sparrow,https://www.linkedin.com/company/sparrowinc,Prospect,0014y00002rThloAAC
SPG Therapy & Education,https://www.linkedin.com/company/spgtherapy,Prospect,001a700000K4k9EAAR
Split (acquired by Harness),https://www.linkedin.com/company/split-software,Prospect,0014y00003GadYMAAZ
Sports Basement,https://www.linkedin.com/company/sportsbasement,Prospect,0014000001DdFF8AAN
Spring Fertility,https://www.linkedin.com/company/spring-fertility,Prospect,001a700000K4MfgAAF
SRS Acquiom,https://www.linkedin.com/company/shareholder-representative-services,Prospect,001a700000K4fK8AAJ
Stacy Witbeck,https://www.linkedin.com/company/stacywitbeck,Prospect,0013300001qPu4rAAC
Stellar Development Foundation,https://www.linkedin.com/company/stellar-development-foundation,Prospect,001a7000001W7nOAAS
Step,https://www.linkedin.com/company/stepmobile,Prospect,0014y00002U1EltAAF
Storm8,https://www.linkedin.com/company/storm8,Prospect,001f300001v8seuAAA
"Strava, Inc.",https://www.linkedin.com/company/strava-inc.,Prospect,0014y00002cTvTeAAK
Striim,https://www.linkedin.com/company/striim,Prospect,0014y00002LweMaAAJ
Striking Distance Studios,https://www.linkedin.com/company/strikingdistancestudios,Prospect,0014y00002rO22qAAC
STUDIOS Architecture,https://www.linkedin.com/company/studios-architecture,Prospect,0013300001osxljAAA
Substack Inc.,https://www.linkedin.com/company/substack,Prospect,0014y00002rNHWFAA4
Sunbasket,https://www.linkedin.com/company/sun-basket,Prospect,001f300001v8NrhAAE
Sundae,https://www.linkedin.com/company/sundaehq,Winback,0014y0000276tJrAAI
SuperAnnotate,https://www.linkedin.com/company/superannotate,Prospect,001a7000015onSVAAY
Surefox North America,https://www.linkedin.com/company/surefox-north-america,Prospect,001a7000015puDSAAY
Surge AI,https://www.linkedin.com/company/surge-ai,Prospect,001a7000015pHAKAA2
SurveyMonkey,https://www.linkedin.com/company/surveymonkey,Winback,0014000001XU32TAAT
"SuSea, Inc. (dba you.com)",https://www.linkedin.com/company/youdotcom,Prospect,0014y00002pA3IDAA0
Swinerton Builders,https://www.linkedin.com/company/swinerton-builders,Prospect,0013300001pNDTvAAO
Swords To Plowshares,https://www.linkedin.com/company/swords-to-plowshares,Prospect,001a700000K4MflAAF
Sysdig,https://www.linkedin.com/company/sysdig,Prospect,001f300001v8jkHAAQ
Talkdesk,https://www.linkedin.com/company/talkdesk,Prospect,0013300001qPxEGAA0
Tally,https://www.linkedin.com/company/meettally,Prospect,001f300001v87MBAAY
TechCrunch,https://www.linkedin.com/company/techcrunch,Prospect,001a7000015pkSeAAI
TEECOM,https://www.linkedin.com/company/teecom,Prospect,001f300001v8u7PAAQ
Textainer,https://www.linkedin.com/company/textainer,Prospect,001a7000015oagYAAQ
Thatch,https://www.linkedin.com/company/thatch-ai,Prospect,001a700000JDkS7AAL
The Bay Club Company,https://www.linkedin.com/company/bayclubs,Prospect,0014y00002pC3ObAAK
The Conco Companies,https://www.linkedin.com/company/conco-commercial-concrete-contractors,Prospect,0014y00002rSf3eAAC
The John Stewart Company,https://www.linkedin.com/company/the-john-stewart-compan,Prospect,0013300001qPyEvAAK
The Melt,https://www.linkedin.com/company/themelt,Prospect,001a700000K4MfoAAF
The Mina Group,https://www.linkedin.com/company/mina-group-llc,Prospect,001f300001v8yyZAAQ
The Olympic Club,https://www.linkedin.com/company/the-olympic-club,Prospect,0014000000bRS5NAAW
The Pill Club,https://www.linkedin.com/company/thepillclub,Prospect,001a700000K4MfqAAF
The San Francisco Aids Foundation,https://www.linkedin.com/company/san-francisco-aids-foundation,Winback,0014000000VARB1AAP
The Trevor Project,https://www.linkedin.com/company/the-trevor-project,Prospect,001f300001v8tFIAAY
The Westin St. Francis in San Francisco,https://www.linkedin.com/company/westin-st-francis,Prospect,001a7000015oikEAAQ
THINK Surgical,https://www.linkedin.com/company/thinksurgical,Prospect,001f300001v8dbeAAA
Thirdlove,https://www.linkedin.com/company/thirdlove,Prospect,0014y00002dHycnAAC
"Thumbtack, Inc.",https://www.linkedin.com/company/thumbtack-inc.,Prospect,0013300001osukAAAQ
Thycotic,https://www.linkedin.com/company/thycotic-software-ltd,Prospect,0014y00002vO5icAAC
Tia,https://www.linkedin.com/company/asktia,Prospect,001a700000K4kbQAAR
Tiburcio Vasquez Health Center,https://www.linkedin.com/company/tiburcio-vasquez-health-ctr,Prospect,0014y00002dKF5tAAG
Tipalti,https://www.linkedin.com/company/tipalti,Prospect,0014y00002beINGAA2
Tipping Point Community,https://www.linkedin.com/company/tipping-point-community,Prospect,0013300001osoAIAAY
Torch,https://www.linkedin.com/company/torch-labs,Prospect,0014y00002vMkxEAAS
Tower Mobility,https://www.linkedin.com/company/towermobility,Prospect,001a7000015oQksAAE
Traceable by Harness,https://www.linkedin.com/company/traceable-ai,Prospect,001a700000K4MftAAF
Tradeshift,https://www.linkedin.com/company/tradeshift,Prospect,0014y00002jRqukAAC
"TRM Labs, Inc.",https://www.linkedin.com/company/trmlabs,Prospect,0014y00002vMl7bAAC
Trusted Health,https://www.linkedin.com/company/trustedhealth,Prospect,001f300001xusyyAAA
"Tumblr, Inc.",https://www.linkedin.com/company/tumblr,Prospect,0013300001lJ22IAAS
"TuneIn, Inc.",https://www.linkedin.com/company/tunein,Prospect,0013300001ossfHAAQ
two chairs,https://www.linkedin.com/company/two-chairs,Prospect,001f30000219RV9AAM
U.S. Energy Foundation,https://www.linkedin.com/company/the-us-energy-foundation,Prospect,001a7000003nk8EAAQ
Unknown Worlds Entertainment,https://www.linkedin.com/company/unknown-worlds-entertainment,Prospect,001a7000015s2rPAAQ
Upwind Security,https://www.linkedin.com/company/upwindsecurity,Prospect,001a7000015pik7AAA
UTR Sports,https://www.linkedin.com/company/utrsports,Prospect,0014y00002lwVp9AAE
"Utstarcom, Inc.",https://www.linkedin.com/company/utstarcom,Prospect,0014y00002pC3xDAAS
"Vance Brown, Inc.",https://www.linkedin.com/company/vancebrown,Prospect,0013300001qPthiAAC
Vannevar,https://www.linkedin.com/company/vannevar-labs,Prospect,001a7000015pikEAAQ
Vanta Inc.,https://www.linkedin.com/company/vanta-security,Prospect,001a700000K9HfIAAV
Varo Bank,https://www.linkedin.com/company/varobank,Prospect,0014y00002ih1WOAAY
Vcom Solutions,https://www.linkedin.com/company/vcom-solutions,Prospect,0014000001Dd8YvAAJ
Vector North America Inc.,https://www.linkedin.com/company/vector-north-america,Prospect,001f300001yONz5AAG
Velo3D,https://www.linkedin.com/company/velo3d,Prospect,0014000000XlmVEAAZ
"Veritas Investments, Inc.",https://www.linkedin.com/company/veritas-investments-inc,Prospect,0014y0000276uEiAAI
"Very Good Security, Inc.",https://www.linkedin.com/company/very-good-security,Prospect,001f300001v8qJ9AAI
Veryon,https://www.linkedin.com/company/veryonplatform,Prospect,0013300001lIyxMAAS
Vida Health,https://www.linkedin.com/company/vida-health,Prospect,001f300001whbkDAAQ
Vim,https://www.linkedin.com/company/getvim,Prospect,001f300001v8uBqAAI
"Vir Biotechnology, Inc.",https://www.linkedin.com/company/vir-biotechnology-inc.,Prospect,001f30000218CZkAAM
"Viz Media, LLC",https://www.linkedin.com/company/viz-media,Prospect,0014y00002ih7FXAAY
"Viz.ai, Inc.",https://www.linkedin.com/company/viz-ai,Prospect,001f300001v8VZCAA2
Vungle,https://www.linkedin.com/company/vungle,Prospect,0013300001ot4qcAAA
Wag! Group Co.,https://www.linkedin.com/company/wag-group-co,Prospect,0014y00002vMkk4AAC
Walters & Wolf Glass Company,https://www.linkedin.com/company/walters-&-wolf,Winback,0014000000VAPZfAAP
Watershed,https://www.linkedin.com/company/watershedclimate,Prospect,001a7000001TCmoAAG
"We Are Envoy, LLC",https://www.linkedin.com/company/we-are-envoy,Prospect,0014y0000258Pm8AAE
Wealthfront,https://www.linkedin.com/company/wealthfront,Prospect,0013300001lIzALAA0
Webflow,https://www.linkedin.com/company/webflow-inc-,Prospect,0014y00002jVoRmAAK
Weee!,https://www.linkedin.com/company/weee-,Prospect,0014y00002dJcywAAC
Wells Capital Management,https://www.linkedin.com/company/wells-capital-management,Prospect,001a7000015pstBAAQ
Westak Circuits,https://www.linkedin.com/company/westak,Prospect,0014000000Vt5koAAB
Whatnot,https://www.linkedin.com/company/whatnot-inc,Prospect,0014y00002rZbmpAAC
Wikimedia Foundation,https://www.linkedin.com/company/wikimedia-foundation,Prospect,0014y00002jRp0RAAS
Wine.com,https://www.linkedin.com/company/wine.com,Prospect,0013300001ossZKAAY
WineDirect Fulfillment,https://www.linkedin.com/company/winedirectfulfillment,Prospect,0014y00002ih6p1AAA
"Wiser Solutions, Inc.",https://www.linkedin.com/company/wiser,Prospect,0013300001ot5KTAAY
Woflow,https://www.linkedin.com/company/woflow,Prospect,001a7000015oItdAAE
WordPress VIP,https://www.linkedin.com/company/wordpressvip,Prospect,0014y00002Lwf6iAAB
"Workato, Inc.",https://www.linkedin.com/company/workato,Prospect,0014y00002cZTSWAA4
Workstream,https://www.linkedin.com/company/workstream-us,Prospect,0014y00002jU0yPAAS
Worldly,https://www.linkedin.com/company/worldlyio,Prospect,001a700000HLajXAAT
Writer,https://www.linkedin.com/company/getwriter,Prospect,001a700000K4JmHAAV
WRNS Studio,https://www.linkedin.com/company/wrns-studio,Prospect,001f300001v90G5AAI
XYZ,https://www.linkedin.com/company/wearexyz,Prospect,001f300001v8wVyAAI
Yale and August U.S.,https://www.linkedin.com/company/yale-august,Prospect,001f300001v8MHgAAM
Yassir Inc.,https://www.linkedin.com/company/yassir,Prospect,001a7000015plLDAAY
Yellow.ai,https://www.linkedin.com/company/yellowdotai,Prospect,001a700000K4e0uAAB
Yield Engineering Systems,https://www.linkedin.com/company/yield-engineering-systems,Prospect,001f300001v84F6AAI
YMCA of Greater San Francisco,https://www.linkedin.com/company/ymcasf,Prospect,0013300001osp7wAAA
Yubico Inc.,https://www.linkedin.com/company/yubico,Prospect,0014y00002pC2LWAA0
Yugabyte,https://www.linkedin.com/company/yugabyte,Prospect,001f300001whfjcAAA
Zapier,https://www.linkedin.com/company/zapier,Prospect,0013300001lIyTjAAK
